x,y
3.65344,0
3.75608,0
3.85956,0
3.96618,0
4.06959,0
4.17044,0
4.27783,0
4.38209,0
4.48546,0
4.58701,0
4.69582,0
4.80084,0
4.90481,0
5.02014,0
5.12153,0
5.22932,0
5.33758,0
5.44541,0
5.55277,0
5.6596,0
5.76638,0
5.87366,0
5.98589,0
6.10587,0
6.2143,0
6.33266,0
6.43528,0
6.54635,0
6.66664,0
6.79559,0
6.89683,0
7.00156,0
7.10864,0
7.21675,0
7.32566,0
7.43447,0
7.54344,0
7.6518,0
7.76072,0
7.87052,0
7.98121,0
8.09376,0
8.20768,0
8.32316,0
8.43927,0
8.555,0
8.67074,0
8.78638,0
8.90195,0
9.01724,0
9.13245,0
9.24803,0
9.36453,0
9.48187,0
9.60081,0
9.72161,0
9.84493,0
9.97072,0
10.0997,0
10.2322,0
10.3683,0
10.5067,0
10.6471,0
10.7886,0
10.9302,0
11.0719,0
11.2134,0
11.355,0
11.4966,0
11.639,0
11.7828,0
11.9277,0
12.0742,0
12.221,0
12.367,0
12.5132,0
12.6594,0
12.8054,0
12.9514,0
13.097,0
13.2426,0
13.3882,0
13.5336,0
13.6785,0
13.8243,0
13.9712,0
14.1194,0
14.2695,0
14.3705,0
14.4726,0
14.5761,0
14.6809,0
14.787,0
14.8947,0
15.0044,0
15.1154,0
15.2283,0
15.3434,0
15.4605,0
15.5792,0
15.6991,0
15.8201,0
15.9423,0
16.065,0
16.1881,0
16.311,0
16.4342,0
16.5569,0
16.6798,0
16.8028,0
16.9263,0
17.0495,0
17.1737,0
17.298,0
17.4232,0
17.5491,0
17.676,0
17.8037,0
17.9323,0
18.0614,0
18.1904,0
18.3199,0
18.4488,0
18.5783,0
18.7068,0
18.8361,0
18.9645,0
19.0936,0
19.2221,0
19.3508,0
19.4794,0
19.6079,0
19.7364,0
19.865,0
19.9931,0
20.1214,0
20.2497,0
20.3781,0
20.5068,0
20.6356,0
20.7646,0
20.893,0
21.0218,0
21.1502,0
21.2787,0
21.4073,0
21.5357,0
21.6639,0
21.7921,0
21.9203,0
22.0483,0
22.1764,0
22.3043,0
22.4326,0
22.5604,0
22.688,0
22.8157,0
22.9433,0
23.0707,0
23.1984,0
23.326,0
23.4537,0
23.5804,0
23.7082,0
23.835,0
23.962,0
24.0894,0
24.2161,0
24.3433,0
24.4701,0
24.5966,0
24.7252,0
24.8499,0
24.9766,0
25.103,0
25.2298,0
25.3564,0
25.4822,0
25.6085,0
25.7347,0
25.8608,0
25.9869,0
26.1131,0
26.2388,0
26.3647,0
26.4906,0
26.6162,0
26.7433,0
26.8675,0
26.993,0
27.1186,0
27.2439,0
27.3691,0
27.4945,0
27.6198,0
27.7455,0
27.872,0
27.9976,0
28.1245,0
28.2515,0
28.3785,0
28.5054,0
28.6326,0
28.7591,0
28.8857,0
29.0125,0
29.1392,0
29.2656,0
29.3951,0
29.5186,0
29.6447,0
29.7709,0
29.8973,0
30.0237,0
30.1504,0
30.2778,0
30.4047,0
30.5323,0
30.6592,0
30.7862,0
30.9134,0
31.0408,0
31.1718,0
31.2941,0
31.4214,0
31.5478,0
31.6749,0
31.8014,0
31.9277,0
32.0545,0
32.1805,0
32.3068,0
32.4334,0
32.5599,0
32.6864,0
32.813,0
32.9393,0
33.0656,0
33.1919,0
33.3184,0
33.4455,0
33.5727,0
33.6995,0
33.8268,0
33.9543,0
34.0813,0
34.2091,0
34.3355,0
34.4625,0
34.5902,0
34.7173,0
34.8442,0
34.9713,0
35.0983,0
35.2252,0
35.3527,0
35.4789,0
35.6059,0
35.7324,0
35.8591,0
35.9858,0
36.1127,0
36.2391,0
36.3654,0
36.4918,0
36.6191,0
36.7446,0
36.8708,0
36.9972,0
37.1232,0
37.25,0
37.3757,0
37.502,0
37.6276,0
37.7539,0
37.8804,0
38.007,0
38.1334,0
38.26,0
38.3864,0
38.5132,0
38.6401,0
38.767,0
38.8948,0
39.0222,0
39.1493,0
39.2767,0
39.4039,0
39.5312,0
39.6585,0
39.7859,0
39.9128,0
40.0402,0
40.1674,0
40.2947,0
40.4224,0
40.5491,0
40.6766,0
40.8039,0
40.93,0
41.0569,0
41.1838,0
41.3106,0
41.4373,0
41.5642,0
41.7253,0
41.8513,0
41.978,0
42.1041,0
42.2306,0
42.3568,0
42.4831,0
42.6094,0
42.7356,0
42.8614,0
42.9874,0
43.1133,0
43.2394,0
43.3652,0
43.4905,0
43.6167,0
43.7418,0
43.8673,0
43.9927,0
44.1181,0
44.2436,0
44.3689,0
44.4939,0
44.6191,0
44.7443,0
44.8691,0
44.9942,0
45.1188,0
45.2435,0
45.3683,0
45.4933,0
45.6175,0
45.742,0
45.8665,0
45.9909,0
46.1156,0
46.2409,0
46.365,0
46.4903,0
46.6174,0
46.7408,0
46.866,0
46.9911,0
47.1162,0
47.2414,0
47.367,0
47.4937,0
47.619,0
47.7451,0
47.8715,0
47.9973,0
48.1231,0
48.2494,0
48.3753,0
48.5013,0
48.6281,0
48.7541,0
48.8802,0
49.0067,0
49.1327,0
49.2588,0
49.3848,0
49.5107,0
49.6367,0
49.7626,0
49.8898,0
50.0154,0
50.1421,0
50.2692,0
50.3961,0
50.5228,0
50.6494,0
50.776,0
50.9027,0
51.0291,0
51.1558,0
51.2819,0
51.4086,0
51.5347,0
51.6613,0
51.7872,0
51.914,0
52.041,0
52.1675,0
52.2942,0
52.4212,0
52.5475,0
52.6738,0
52.8005,0
52.9266,0
53.0531,0
53.18,0
53.3072,0
53.4348,0
53.5621,0
53.6895,0
53.8169,0
53.9444,0
54.0712,0
54.1983,0
54.3256,0
54.453,0
54.5801,0
54.7078,0
54.8346,0
54.9619,0
55.0884,0
55.2159,0
55.3423,0
55.4702,0
55.5959,0
55.7225,0
55.849,0
55.9756,0
56.102,0
56.2285,0
56.355,0
56.4818,0
56.6079,0
56.7348,0
56.8606,0
56.9869,0
57.1131,0
57.2392,0
57.3652,0
57.4911,0
57.6166,0
57.743,0
57.8687,0
57.9944,0
58.1201,0
58.2457,0
58.3711,0
58.4965,0
58.622,0
58.7477,0
58.8725,0
58.9981,0
59.1228,0
59.2478,0
59.3729,0
59.4981,0
59.6231,0
59.7476,0
59.8721,0
59.9968,0
60.1215,0
60.246,0
60.3724,0
60.495,0
60.6192,0
60.7439,0
60.8677,0
60.9919,0
61.116,0
61.2398,0
61.3648,0
61.4877,0
61.6114,0
61.7352,0
61.8589,0
61.9829,0
62.1062,0
62.2295,0
62.353,0
62.4767,0
62.5997,0
62.7228,0
62.8467,0
62.969,0
63.0921,0
63.2151,0
63.3379,0
63.4609,0
63.5835,0
63.7063,0
63.8288,0
63.9512,0
64.0739,0
64.1962,0
64.3183,0
64.4425,0
64.5632,0
64.6853,0
64.8074,0
64.9301,0
65.0513,0
65.1734,0
65.2951,0
65.4168,0
65.5389,0
65.6602,0
65.7822,0
65.9035,0
66.0254,0
66.1476,0
66.2702,0
66.3927,0
66.5153,0
66.6377,0
66.7599,0
66.8827,0
67.0045,0
67.1267,0
67.2496,0
67.3722,0
67.4947,0
67.6171,0
67.7397,0
67.8622,0
67.9847,0
68.1072,0
68.2298,0
68.352,0
68.4742,0
68.5963,0
68.719,0
68.8406,0
68.9624,0
69.0845,0
69.2062,0
69.328,0
69.4496,0
69.5717,0
69.6932,0
69.8145,0
69.936,0
70.06,0
70.1789,0
70.2999,0
70.4211,0
70.5424,0
70.6633,0
70.7847,0
70.9054,0
71.0261,0
71.1469,0
71.268,0
71.3888,0
71.5102,0
71.6306,0
71.7514,0
71.8721,0
71.9928,0
72.1134,0
72.234,0
72.3547,0
72.475,0
72.596,0
72.7157,0
72.8359,0
72.9564,0
73.0763,0
73.1964,0
73.3162,0
73.4362,0
73.556,0
73.676,0
73.796,0
73.9157,0
74.0357,0
74.1561,0
74.2757,0
74.3954,0
74.5149,0
74.6344,0
74.7542,0
74.8735,0
74.9952,0
75.1126,0
75.2319,0
75.351,0
75.4699,0
75.589,0
75.7081,0
75.8272,0
75.9462,0
76.0648,0
76.1839,0
76.3023,0
76.421,0
76.5395,0
76.6579,0
76.7764,0
76.8952,0
77.0132,0
77.1316,0
77.2507,0
77.3677,0
77.4858,0
77.6038,0
77.7218,0
77.8395,0
77.9573,0
78.0751,0
78.1928,0
78.3104,0
78.4279,0
78.5457,0
78.6629,0
78.78,0
78.8974,0
79.0146,0
79.132,0
79.2491,0
79.3659,0
79.4828,0
79.5998,0
79.7166,0
79.8333,0
79.9502,0
80.0666,0
80.1832,0
80.2996,0
80.4161,0
80.5327,0
80.6488,0
80.7651,0
80.8812,0
80.9973,0
81.1134,0
81.2294,0
81.3453,0
81.4611,0
81.5768,0
81.6926,0
81.8083,0
81.9234,0
82.0393,0
82.1551,0
82.2703,0
82.3855,0
82.5011,0
82.6163,0
82.7312,0
82.8465,0
82.9612,0
83.0763,0
83.1913,0
83.3063,0
83.4213,0
83.5368,0
83.6531,0
83.7693,0
83.8858,0
84.0024,0
84.1199,0
84.2356,0
84.3524,0
84.4686,0
84.5849,0
84.701,0
84.8172,0
84.9334,0
85.0494,0
85.1656,0
85.2813,0.000214085
85.3973,0.000956844
85.5135,0.00204168
85.6288,0.00315739
85.7453,0.00432024
85.8601,0.00549981
85.9758,0.00671922
86.0912,0.00796564
86.2085,0.00926211
86.322,0.0105434
86.4373,0.0118695
86.5525,0.0132193
86.6676,0.0145907
86.7827,0.0159858
86.8978,0.0174118
87.0126,0.018847
87.1275,0.0202878
87.2424,0.0217459
87.3572,0.0232187
87.4721,0.0247098
87.5866,0.0262096
87.7013,0.0277278
87.8156,0.029254
87.93,0.0307933
88.0444,0.0323454
88.1588,0.0339103
88.2732,0.0354851
88.3877,0.0370736
88.5016,0.038662
88.6154,0.0402594
88.7293,0.041867
88.8433,0.0439643
88.9574,0.0466292
89.0708,0.0493349
89.1847,0.0520881
89.2984,0.0548779
89.4119,0.0576967
89.5253,0.0605515
89.6388,0.0634395
89.7521,0.0663549
89.8654,0.069302
89.9787,0.0722749
90.0932,0.0753099
90.2051,0.0782998
90.318,0.0813418
90.4311,0.0844116
90.544,0.0874981
90.6573,0.0906167
90.7696,0.0937309
90.8824,0.0968741
90.9951,0.100036
91.1078,0.103213
91.2234,0.106488
91.333,0.109611
91.4452,0.112809
91.5575,0.116027
91.67,0.119262
91.7819,0.122493
91.894,0.126222
92.0062,0.130518
92.1181,0.134882
92.23,0.13929
92.3418,0.143736
92.4541,0.148237
92.5654,0.152738
92.6771,0.157291
92.789,0.161883
92.9004,0.166488
93.0119,0.171128
93.1229,0.175776
93.2344,0.180468
93.3456,0.185179
93.4568,0.18991
93.5679,0.194652
93.6789,0.199405
93.79,0.204412
93.9007,0.209961
94.0116,0.216118
94.1223,0.222645
94.2328,0.229228
94.3436,0.23589
94.4543,0.242607
94.5645,0.249355
94.6749,0.256166
94.7852,0.263028
94.8955,0.269933
95.0064,0.276928
95.1161,0.283886
95.2258,0.290894
95.3358,0.297955
95.4458,0.305058
95.5556,0.312181
95.6657,0.31936
95.7751,0.326502
95.8851,0.33372
95.9947,0.340934
96.1046,0.348194
96.2145,0.35548
96.3288,0.363092
96.4339,0.370131
96.5435,0.377468
96.6529,0.38482
96.7625,0.392206
96.8718,0.399589
96.9812,0.406998
97.0904,0.414415
97.1999,0.421865
97.3087,0.429282
97.4177,0.437213
97.5269,0.445719
97.6359,0.454282
97.7445,0.462861
97.8532,0.471456
97.9621,0.480105
98.0707,0.488775
98.1794,0.497474
98.2875,0.506172
98.3958,0.51491
98.5043,0.523687
98.6124,0.532473
98.7207,0.54129
98.8288,0.550126
98.9371,0.559001
99.0448,0.567848
99.1532,0.57677
99.2608,0.585649
99.3687,0.594579
99.4761,0.603484
99.5839,0.61244
99.692,0.621436
99.7992,0.630371
99.9066,0.639337
100.014,0.64832
100.122,0.657309
100.229,0.666293
100.336,0.675295
100.444,0.68433
100.551,0.693368
100.659,0.702495
100.766,0.711473
100.873,0.72051
100.98,0.729581
101.088,0.73866
101.194,0.747698
101.301,0.756758
101.408,0.766294
101.515,0.776355
101.622,0.786967
101.728,0.798182
101.835,0.809469
101.941,0.820839
102.047,0.832169
102.154,0.843576
102.26,0.855017
102.366,0.866501
102.472,0.878029
102.578,0.889589
102.684,0.901184
102.79,0.912808
102.896,0.92449
103.001,0.936152
103.107,0.947878
103.212,0.959627
103.318,0.971416
103.423,0.983171
103.529,0.994973
103.639,1.00739
103.74,1.01879
103.844,1.03052
103.95,1.04263
104.055,1.0553
104.159,1.06818
104.264,1.08116
104.369,1.09415
104.473,1.10717
104.578,1.12023
104.683,1.13331
104.787,1.14643
104.891,1.15958
104.996,1.17275
105.1,1.18594
105.204,1.19916
105.308,1.21239
105.412,1.22563
105.516,1.2389
105.62,1.25218
105.724,1.26548
105.828,1.27879
105.932,1.29214
106.035,1.30543
106.142,1.31913
106.242,1.33213
106.346,1.34545
106.449,1.35882
106.552,1.37216
106.656,1.38554
106.759,1.39896
106.863,1.41237
106.966,1.4258
107.07,1.43924
107.173,1.45266
107.276,1.46609
107.379,1.47953
107.482,1.49296
107.585,1.5064
107.688,1.51984
107.791,1.53331
107.894,1.54671
107.997,1.56018
108.099,1.5738
108.202,1.58816
108.304,1.60308
108.407,1.61802
108.509,1.633
108.611,1.64802
108.713,1.66308
108.815,1.67813
108.917,1.69325
109.019,1.70833
109.121,1.72347
109.223,1.73862
109.324,1.7538
109.426,1.76905
109.527,1.78419
109.629,1.7994
109.73,1.81465
109.832,1.82998
109.933,1.84515
110.038,1.86093
110.188,1.88357
110.288,1.89869
110.388,1.91388
110.489,1.92923
110.59,1.94446
110.691,1.95979
110.791,1.97501
110.892,1.99037
110.993,2.00561
111.093,2.02091
111.194,2.0362
111.295,2.05155
111.395,2.06684
111.496,2.08226
111.596,2.09758
111.697,2.11291
111.797,2.12827
111.898,2.1436
111.998,2.15891
112.098,2.17422
112.198,2.18954
112.298,2.20485
112.399,2.22019
112.499,2.23551
112.598,2.25078
112.698,2.26609
112.798,2.28136
112.899,2.29678
112.998,2.31202
113.098,2.32737
113.199,2.34281
113.3,2.35825
113.401,2.37373
113.501,2.38917
113.606,2.40532
113.753,2.42781
113.853,2.44324
113.954,2.45871
114.054,2.47408
114.155,2.48958
114.255,2.50491
114.355,2.52077
114.455,2.53711
114.555,2.55401
114.655,2.57141
114.754,2.58942
114.854,2.60748
114.953,2.62557
115.052,2.64372
115.152,2.66188
115.251,2.68009
115.35,2.69835
115.449,2.71658
115.548,2.73493
115.647,2.75384
115.794,2.78315
115.893,2.80376
115.991,2.82507
116.089,2.84707
116.187,2.86932
116.333,2.90239
116.479,2.93581
116.578,2.95837
116.723,2.99179
116.869,3.0256
117.014,3.05951
117.16,3.09348
117.305,3.12757
117.45,3.16174
117.595,3.19601
117.74,3.23025
117.885,3.26454
118.029,3.29889
118.174,3.3333
118.318,3.36772
118.462,3.4023
118.606,3.4368
118.749,3.47119
118.893,3.50575
119.037,3.5403
119.18,3.57496
119.324,3.60966
119.468,3.6444
119.611,3.67905
119.755,3.71385
119.897,3.74842
120.041,3.78315
120.183,3.81771
120.326,3.85241
120.472,3.88793
120.611,3.92164
120.753,3.95629
120.896,3.99115
121.039,4.026
121.182,4.06084
121.325,4.0956
121.468,4.13042
121.61,4.16525
121.753,4.20006
121.895,4.23468
122.037,4.2694
122.179,4.30408
122.321,4.33877
122.463,4.37338
122.604,4.40799
122.746,4.44256
122.887,4.47716
123.029,4.5113
123.17,4.54435
123.311,4.57747
123.452,4.61052
123.593,4.64353
123.734,4.67646
123.874,4.70933
124.015,4.74218
124.155,4.77493
124.296,4.80767
124.436,4.84036
124.576,4.87295
124.716,4.9056
124.855,4.93807
124.996,4.97067
125.139,5.00405
125.275,5.03575
125.415,5.06824
125.555,5.10073
125.694,5.13307
125.833,5.16543
125.973,5.19785
126.112,5.23004
126.251,5.26231
126.389,5.29448
126.529,5.32681
126.667,5.35884
126.805,5.39089
126.943,5.42303
127.083,5.45533
127.222,5.48775
127.362,5.52013
127.502,5.55253
127.641,5.58486
127.78,5.61714
127.92,5.64947
128.058,5.68158
128.197,5.71377
128.336,5.74594
128.475,5.7782
128.614,5.81038
128.753,5.84255
128.892,5.87467
129.03,5.9068
129.169,5.93886
129.307,5.97089
129.445,6.00288
129.583,6.03487
129.722,6.06692
129.86,6.09902
130,6.13144
130.142,6.16423
130.283,6.19688
130.425,6.22973
130.566,6.2626
130.708,6.29532
130.85,6.32817
130.99,6.36078
131.132,6.39366
131.273,6.42613
131.414,6.45884
131.555,6.49156
131.697,6.52454
131.837,6.55686
131.978,6.58949
132.118,6.62204
132.259,6.65479
132.399,6.68863
132.539,6.72317
132.678,6.75769
132.818,6.79225
132.957,6.82684
133.096,6.8614
133.235,6.89599
133.374,6.93061
133.513,6.96523
133.652,6.99993
133.79,7.03442
133.928,7.06898
134.069,7.10408
134.204,7.13801
134.342,7.17253
134.48,7.20704
134.618,7.24159
134.755,7.27604
134.893,7.31065
135.031,7.34521
135.168,7.37977
135.305,7.41423
135.443,7.44873
135.58,7.48324
135.718,7.51801
135.856,7.55275
135.996,7.58784
136.135,7.62295
136.275,7.65808
136.416,7.69353
136.553,7.72817
136.692,7.76354
136.83,7.79988
136.969,7.83619
137.107,7.87255
137.245,7.90884
137.383,7.94516
137.52,7.98149
137.658,8.01773
137.796,8.05409
137.933,8.0903
138.07,8.12659
138.207,8.16287
138.344,8.19906
138.481,8.23525
138.617,8.27143
138.754,8.30766
138.89,8.34375
139.027,8.37998
139.162,8.41592
139.298,8.45204
139.434,8.48803
139.57,8.52431
139.705,8.56137
139.84,8.59929
139.974,8.63729
140.109,8.6753
140.243,8.71334
140.378,8.7515
140.511,8.78942
140.645,8.8275
140.779,8.86554
140.913,8.90353
141.046,8.94164
141.181,8.97997
141.316,9.0185
141.451,9.05702
141.586,9.0955
141.72,9.13391
141.854,9.17237
141.989,9.21122
142.122,9.25118
142.256,9.29214
142.389,9.33338
142.522,9.37467
142.654,9.416
142.787,9.45735
142.919,9.49862
143.052,9.54001
143.184,9.58132
143.316,9.62261
143.448,9.66388
143.579,9.70542
143.71,9.74791
143.841,9.79144
143.972,9.83484
144.102,9.87834
144.232,9.92191
144.362,9.96547
144.492,10.0091
144.622,10.0527
144.752,10.0962
144.881,10.1398
145.01,10.1833
145.14,10.2269
145.269,10.2706
145.398,10.3154
145.526,10.361
145.657,10.4079
145.781,10.4522
145.909,10.498
146.036,10.5436
146.163,10.5892
146.29,10.6351
146.417,10.6821
146.542,10.7304
146.67,10.7797
146.793,10.8276
146.919,10.8763
147.044,10.925
147.169,10.9736
147.294,11.0225
147.418,11.0711
147.543,11.1199
147.667,11.1688
147.79,11.2187
147.914,11.2688
148.037,11.3189
148.16,11.369
148.283,11.4192
148.406,11.4693
148.529,11.5194
148.652,11.5697
148.774,11.6195
148.896,11.6696
149.018,11.7197
149.14,11.7702
149.261,11.8217
149.382,11.8743
149.502,11.9269
149.623,11.9797
149.742,12.0323
149.862,12.0849
149.982,12.1376
150.102,12.1903
150.221,12.243
150.34,12.2955
150.46,12.3489
150.578,12.4027
150.696,12.4574
150.814,12.5121
150.931,12.5667
151.049,12.6213
151.166,12.6759
151.286,12.7318
151.4,12.7851
151.517,12.8397
151.634,12.8941
151.751,12.9486
151.868,13.0033
151.985,13.0584
152.104,13.1141
152.221,13.1689
152.339,13.2242
152.457,13.2793
152.575,13.3345
152.692,13.3896
152.809,13.4447
152.926,13.5004
153.043,13.5566
153.159,13.6128
153.275,13.6688
153.391,13.725
153.507,13.7812
153.623,13.8373
153.738,13.893
153.854,13.9489
153.969,14.0049
154.085,14.0611
154.201,14.1172
154.317,14.1733
154.433,14.2297
154.548,14.2855
154.663,14.3416
154.779,14.3975
154.894,14.4535
155.01,14.51
155.125,14.5655
155.24,14.6217
155.356,14.6781
155.472,14.7342
155.587,14.7903
155.702,14.8466
155.817,14.9035
155.931,14.9614
156.045,15.0197
156.159,15.0781
156.272,15.1362
156.386,15.1945
156.499,15.2527
156.612,15.3108
156.725,15.369
156.837,15.4278
156.95,15.4879
157.061,15.5473
157.172,15.6071
157.283,15.6669
157.395,15.7271
157.505,15.7864
157.616,15.846
157.727,15.9057
157.838,15.9656
157.948,16.0248
158.058,16.0844
158.168,16.1439
158.278,16.2033
158.388,16.2628
158.498,16.3221
158.608,16.3813
158.717,16.4409
158.826,16.5014
158.934,16.5624
159.042,16.6231
159.15,16.6838
159.258,16.7446
159.366,16.8053
159.473,16.8659
159.583,16.9278
159.688,16.9874
159.796,17.0483
159.904,17.1089
160.011,17.1696
160.119,17.2308
160.226,17.2909
160.332,17.3512
160.439,17.4116
160.546,17.472
160.653,17.5325
160.759,17.5927
160.867,17.6534
160.974,17.7142
161.081,17.7748
161.188,17.8355
161.295,17.8962
161.402,17.9566
161.509,18.017
161.615,18.0774
161.722,18.1376
161.828,18.1979
161.934,18.2581
162.04,18.3183
162.146,18.3786
162.252,18.4397
162.356,18.5005
162.461,18.5614
162.566,18.6222
162.671,18.683
162.775,18.7437
162.88,18.8043
162.984,18.865
163.089,18.9259
163.193,18.9859
163.297,19.0464
163.403,19.1084
163.504,19.167
163.608,19.2271
163.711,19.2872
163.814,19.3474
163.918,19.4074
164.021,19.4677
164.123,19.5287
164.225,19.5904
164.326,19.6522
164.427,19.7141
164.529,19.7758
164.63,19.8375
164.731,19.8992
164.832,19.9608
164.932,20.0223
165.033,20.084
165.134,20.146
165.236,20.2083
165.338,20.2708
165.44,20.3339
165.542,20.398
165.641,20.4618
165.741,20.5262
165.841,20.5905
165.941,20.6548
166.04,20.719
166.14,20.7832
166.24,20.8473
166.339,20.9113
166.438,20.9754
166.537,21.0393
166.636,21.1035
166.734,21.1684
166.832,21.2331
166.93,21.2979
167.027,21.3626
167.126,21.4276
167.223,21.4919
167.32,21.5562
167.417,21.6207
167.514,21.6852
167.611,21.7496
167.708,21.8136
167.805,21.8779
167.901,21.9426
167.997,22.0073
168.093,22.0724
168.188,22.1372
168.284,22.202
168.379,22.2667
168.474,22.3315
168.569,22.3961
168.664,22.4607
168.759,22.5252
168.854,22.59
168.95,22.655
169.046,22.7204
169.141,22.7856
169.237,22.851
169.333,22.9162
169.429,22.9818
169.524,23.0475
169.619,23.1135
169.714,23.1794
169.808,23.2453
169.903,23.3111
169.997,23.3768
170.091,23.4424
170.185,23.508
170.28,23.5737
170.373,23.6391
170.467,23.705
170.559,23.7715
170.651,23.8387
170.744,23.9059
170.835,23.9729
170.927,24.04
171.019,24.1068
171.111,24.1745
171.202,24.2405
171.293,24.3076
171.383,24.3756
171.473,24.4439
171.562,24.5124
171.652,24.5812
171.74,24.6493
171.829,24.7175
171.918,24.786
172.007,24.8541
172.096,24.9222
172.184,24.9903
172.272,25.0585
172.36,25.1275
172.447,25.1962
172.535,25.2656
172.622,25.3338
172.709,25.4027
172.796,25.4709
172.882,25.5392
172.97,25.6079
173.056,25.6757
173.142,25.744
173.229,25.8121
173.315,25.8801
173.401,25.948
173.487,26.0158
173.573,26.0838
173.659,26.1517
173.745,26.2196
173.831,26.2875
173.917,26.3554
174.003,26.4229
174.089,26.4906
174.174,26.5583
174.261,26.6263
174.347,26.6946
174.433,26.7625
174.52,26.8308
174.605,26.8983
174.691,26.966
174.777,27.0337
174.862,27.1016
174.947,27.1703
175.031,27.2389
175.116,27.3076
175.2,27.3761
175.284,27.4445
175.368,27.513
175.452,27.5812
175.536,27.6496
175.62,27.7177
175.703,27.7857
175.786,27.8544
175.868,27.9236
175.95,27.9927
176.032,28.0615
176.114,28.1307
176.196,28.1994
176.277,28.2679
176.359,28.3365
176.44,28.4051
176.522,28.4736
176.603,28.5421
176.684,28.6112
176.763,28.6807
176.843,28.7509
176.922,28.8204
177.002,28.8903
177.08,28.9597
177.159,29.0293
177.238,29.0996
177.315,29.1702
177.392,29.2418
177.468,29.3132
177.545,29.3846
177.621,29.4559
177.697,29.5273
177.773,29.5984
177.849,29.6696
177.925,29.7404
178.001,29.8113
178.076,29.8819
178.152,29.9525
178.228,30.0236
178.303,30.0936
178.378,30.1641
178.453,30.2343
178.528,30.3044
178.603,30.3746
178.678,30.4447
178.754,30.5154
178.83,30.5867
178.907,30.659
178.984,30.7306
179.061,30.8025
179.138,30.8744
179.214,30.9464
179.29,31.019
179.366,31.0919
179.441,31.1643
179.516,31.2369
179.591,31.3093
179.666,31.3816
179.741,31.4539
179.816,31.5261
179.89,31.5988
179.963,31.6718
180.036,31.7452
180.109,31.8187
180.182,31.8919
180.254,31.9651
180.327,32.0382
180.399,32.1118
180.47,32.1857
180.54,32.2604
180.611,32.3347
180.681,32.409
180.751,32.4831
180.821,32.5574
180.891,32.6317
180.96,32.7063
181.029,32.7809
181.098,32.8554
181.166,32.9299
181.235,33.0042
181.304,33.0783
181.372,33.1527
181.441,33.2264
181.509,33.3003
181.577,33.3745
181.646,33.4492
181.716,33.5244
181.786,33.5997
181.855,33.6744
181.924,33.7492
181.993,33.8238
182.062,33.8987
182.132,33.9738
182.201,34.049
182.271,34.1242
182.341,34.2009
182.41,34.2747
182.479,34.3493
182.548,34.4242
182.617,34.4991
182.686,34.575
182.753,34.65
182.82,34.7257
182.887,34.8014
182.954,34.8771
183.022,34.9531
183.089,35.0284
183.156,35.1035
183.223,35.1786
183.291,35.2546
183.379,35.3531
183.446,35.4279
183.534,35.5276
183.623,35.6266
183.711,35.7254
183.799,35.8242
183.887,35.923
183.975,36.0213
184.063,36.1196
184.15,36.2176
184.238,36.3156
184.325,36.4133
184.412,36.5108
184.498,36.6086
184.584,36.7071
184.669,36.8055
184.754,36.9033
184.839,37.0012
184.924,37.0988
185.008,37.1963
185.092,37.2936
185.177,37.3907
185.261,37.4877
185.345,37.5843
185.429,37.6811
185.512,37.7774
185.596,37.8737
185.68,37.971
185.765,38.0689
185.85,38.1667
185.935,38.2643
186.019,38.3616
186.104,38.4588
186.188,38.5559
186.272,38.6525
186.356,38.7494
186.439,38.8455
186.523,38.9419
186.606,39.0383
186.689,39.1348
186.771,39.2308
186.853,39.3265
186.936,39.4224
187.018,39.518
187.101,39.6146
187.184,39.7108
187.267,39.807
187.35,39.9031
187.432,39.9988
187.515,40.0948
187.598,40.1913
187.681,40.2877
187.764,40.3841
187.846,40.4802
187.929,40.5762
188.011,40.6721
188.095,40.7687
188.178,40.8653
188.26,40.9626
188.341,41.0603
188.422,41.1578
188.502,41.2554
188.583,41.3526
188.663,41.4497
188.743,41.5472
188.821,41.6455
188.899,41.7435
188.977,41.8415
189.054,41.9392
189.131,42.0375
189.206,42.1364
189.281,42.2354
189.356,42.3341
189.431,42.4325
189.505,42.5311
189.58,42.6289
189.654,42.7269
189.728,42.8244
189.802,42.9218
189.876,43.019
189.95,43.1161
190.024,43.2133
190.098,43.3103
190.172,43.4073
190.245,43.504
190.319,43.6003
190.391,43.6971
190.463,43.7944
190.533,43.8922
190.604,43.9897
190.674,44.087
190.744,44.1844
190.813,44.2819
190.881,44.3801
190.948,44.4781
191.016,44.5759
191.083,44.6736
191.151,44.7711
191.217,44.8679
191.285,44.9649
191.351,45.0616
191.417,45.1586
191.483,45.256
191.547,45.3531
191.612,45.4502
191.677,45.5468
191.742,45.6432
191.806,45.7396
191.871,45.8355
191.935,45.9315
191.999,46.0273
192.061,46.1236
192.123,46.2202
192.185,46.3165
192.247,46.4125
192.309,46.5089
192.37,46.6041
192.431,46.6996
192.493,46.7957
192.555,46.8923
192.617,46.9883
192.679,47.0842
192.741,47.1798
192.803,47.2753
192.865,47.3713
192.928,47.4683
192.99,47.5656
193.053,47.6625
193.116,47.7593
193.178,47.8559
193.241,47.9525
193.303,48.0493
193.366,48.1462
193.428,48.243
193.49,48.3395
193.552,48.436
193.613,48.5321
193.675,48.6283
193.736,48.724
193.796,48.8201
193.856,48.9167
193.915,49.0131
193.974,49.1092
194.033,49.205
194.092,49.3006
194.15,49.396
194.209,49.4916
194.269,49.588
194.329,49.6851
194.388,49.782
194.448,49.8788
194.507,49.9756
194.565,50.0728
194.622,50.1703
194.679,50.2676
194.736,50.3648
194.792,50.4618
194.849,50.5586
194.905,50.655
194.961,50.7512
195.018,50.8472
195.074,50.943
195.13,51.0385
195.186,51.1338
195.241,51.2289
195.297,51.3241
195.353,51.4194
195.41,51.5159
195.467,51.6126
195.524,51.7091
195.58,51.8053
195.636,51.9015
195.691,51.9982
195.746,52.0946
195.801,52.1906
195.855,52.2866
195.909,52.3826
195.963,52.4788
196.016,52.5746
196.069,52.6701
196.123,52.7656
196.176,52.8606
196.228,52.956
196.28,53.0515
196.332,53.1463
196.384,53.2414
196.435,53.3355
196.487,53.4302
196.539,53.5258
196.592,53.6219
196.645,53.7179
196.697,53.8135
196.749,53.9092
196.8,54.0053
196.85,54.1013
196.9,54.1973
196.95,54.2928
197,54.3883
197.049,54.4841
197.097,54.5799
197.144,54.6757
197.192,54.7713
197.239,54.8663
197.287,54.9615
197.334,55.0562
197.382,55.1507
197.429,55.2451
197.476,55.3391
197.523,55.4328
197.571,55.5265
197.618,55.6198
197.665,55.713
197.711,55.8058
197.758,55.8985
197.805,55.9921
197.851,56.0831
197.898,56.1752
197.944,56.2669
197.991,56.3585
198.037,56.4499
198.083,56.5409
198.129,56.6319
198.175,56.7226
198.221,56.8129
198.266,56.9031
198.312,56.9931
198.357,57.0829
198.403,57.1726
198.448,57.2618
198.493,57.351
198.55,57.4621
198.606,57.5729
198.662,57.6833
198.718,57.7933
198.773,57.9031
198.829,58.0126
198.884,58.1216
198.939,58.2303
198.994,58.3387
199.05,58.4476
199.106,58.5582
199.162,58.6688
199.218,58.779
199.273,58.8888
199.329,58.9983
199.385,59.108
199.441,59.2195
199.487,59.3102
199.533,59.4015
199.578,59.492
199.623,59.5822
199.668,59.6725
199.713,59.7629
199.757,59.8525
199.802,59.9424
199.857,60.054
199.902,60.1438
199.957,60.2543
200.011,60.3658
200.064,60.4771
200.118,60.5878
200.171,60.6988
200.224,60.8086
200.276,60.9189
200.326,61.0295
200.377,61.1396
200.427,61.2493
200.477,61.3586
200.528,61.4679
200.578,61.5784
200.628,61.6917
200.668,61.7846
200.707,61.8794
200.746,61.9753
200.785,62.0708
200.824,62.1662
200.864,62.2614
200.903,62.3562
200.942,62.4508
200.981,62.5453
201.021,62.6399
201.06,62.7342
201.099,62.8284
201.139,62.9225
201.178,63.0158
201.217,63.1093
201.256,63.2024
201.295,63.2954
201.333,63.3884
201.37,63.4814
201.407,63.5744
201.453,63.6903
201.499,63.8058
201.545,63.9209
201.591,64.0356
201.637,64.1501
201.682,64.2645
201.725,64.379
201.767,64.4934
201.81,64.6075
201.852,64.7211
201.895,64.8344
201.937,64.9474
201.98,65.0606
202.023,65.176
202.067,65.2925
202.109,65.409
202.151,65.5256
202.192,65.6417
202.233,65.7575
202.274,65.8729
202.316,65.988
202.357,66.1025
202.398,66.2177
202.44,66.3348
202.475,66.4313
202.51,66.5297
202.546,66.6279
202.581,66.7262
202.615,66.8248
202.647,66.9235
202.679,67.0222
202.711,67.1207
202.742,67.2187
202.774,67.3168
202.805,67.4144
202.837,67.5119
202.868,67.6092
202.9,67.7062
202.93,67.8031
202.96,67.9003
202.988,67.9976
203.016,68.0947
203.043,68.1917
203.071,68.2883
203.098,68.3849
203.123,68.4815
203.155,68.6023
203.186,68.7228
203.217,68.8424
203.249,68.9619
203.281,69.0809
203.312,69.1999
203.341,69.3187
203.37,69.4373
203.399,69.5555
203.428,69.6733
203.457,69.7908
203.486,69.9078
203.515,70.0247
203.545,70.1432
203.575,70.2624
203.605,70.3813
203.634,70.4997
203.664,70.6178
203.694,70.7355
203.724,70.8543
203.755,70.9741
203.785,71.0939
203.816,71.213
203.846,71.3317
203.876,71.4502
203.906,71.5682
203.936,71.6859
203.966,71.8033
203.996,71.9203
204.027,72.0382
204.057,72.1579
204.088,72.2771
204.118,72.396
204.149,72.5144
204.179,72.6326
204.209,72.7504
204.239,72.8678
204.269,72.985
204.3,73.103
204.33,73.2237
204.356,73.3225
204.381,73.4212
204.406,73.5196
204.432,73.6178
204.457,73.7158
204.482,73.8136
204.507,73.9111
204.532,74.009
204.558,74.1081
204.583,74.2093
204.61,74.3119
204.636,74.4144
204.662,74.5167
204.689,74.6187
204.715,74.7206
204.741,74.8223
204.767,74.9245
204.794,75.0281
204.821,75.1341
204.849,75.2426
204.877,75.3512
204.905,75.4597
204.932,75.5681
204.96,75.6765
204.988,75.7846
205.016,75.8938
205.044,76.0028
205.072,76.1123
205.1,76.2203
205.128,76.3283
205.155,76.4365
205.183,76.5443
205.211,76.6518
205.238,76.7593
205.266,76.8662
205.293,76.9733
205.321,77.0797
205.348,77.1862
205.375,77.2923
205.402,77.3984
205.428,77.5053
205.454,77.6138
205.479,77.7241
205.504,77.8329
205.53,77.9415
205.555,78.0504
205.58,78.1588
205.605,78.2673
205.631,78.3751
205.656,78.483
205.681,78.5911
205.706,78.6985
205.731,78.807
205.757,78.9155
205.782,79.0234
205.807,79.1315
205.83,79.2395
205.852,79.3476
205.874,79.4554
205.896,79.563
205.917,79.6704
205.939,79.778
205.961,79.8844
205.983,79.991
206.005,80.0976
206.027,80.205
206.049,80.3136
206.071,80.4218
206.094,80.5301
206.116,80.6379
206.138,80.7458
206.16,80.8535
206.18,80.9622
206.201,81.0719
206.221,81.1816
206.241,81.2908
206.262,81.3999
206.282,81.5087
206.303,81.6173
206.323,81.7263
206.342,81.835
206.36,81.946
206.377,82.0592
206.395,82.1729
206.412,82.2863
206.43,82.3996
206.447,82.5125
206.465,82.6253
206.483,82.7377
206.5,82.8498
206.517,82.9627
206.532,83.0766
206.548,83.1906
206.563,83.3045
206.579,83.4181
206.594,83.5315
206.61,83.6447
206.625,83.7577
206.641,83.8702
206.656,83.9827
206.672,84.0951
206.687,84.208
206.703,84.3225
206.72,84.4389
206.736,84.5561
206.752,84.6729
206.769,84.7896
206.785,84.9061
206.801,85.0236
206.818,85.1426
206.835,85.2626
206.852,85.3824
206.868,85.5021
206.885,85.6213
206.902,85.7405
206.918,85.8593
206.935,85.9781
206.952,86.0963
206.968,86.2149
206.983,86.3346
206.998,86.4561
207.013,86.5781
207.027,86.6996
207.042,86.8208
207.057,86.942
207.072,87.0628
207.086,87.1833
207.101,87.3037
207.115,87.4239
207.13,87.5441
207.144,87.6664
207.158,87.7895
207.172,87.9129
207.186,88.0362
207.2,88.1591
207.213,88.282
207.227,88.4044
207.241,88.5266
207.255,88.6487
207.268,88.7706
207.282,88.892
207.296,89.0133
207.31,89.1342
207.323,89.2551
207.337,89.3758
207.351,89.4974
207.365,89.6206
207.378,89.7452
207.39,89.8712
207.402,89.9984
207.412,90.1263
207.423,90.2541
207.433,90.3814
207.444,90.5088
207.454,90.6359
207.465,90.7625
207.475,90.8893
207.484,91.0167
207.491,91.1451
207.499,91.2739
207.507,91.4025
207.515,91.5308
207.523,91.6589
207.531,91.7867
207.539,91.9144
207.547,92.0433
207.554,92.1691
207.562,92.2989
207.57,92.4264
207.578,92.5553
207.586,92.6844
207.594,92.813
207.603,92.9473
207.61,93.0696
207.618,93.1978
207.626,93.3253
207.633,93.4535
207.64,93.5817
207.646,93.7095
207.653,93.8368
207.66,93.964
207.667,94.0912
207.673,94.2179
207.68,94.3443
207.687,94.4707
207.694,94.5966
207.7,94.7226
207.707,94.848
207.714,94.9739
207.72,95.1002
207.727,95.2273
207.734,95.3545
207.741,95.4815
207.748,95.608
207.755,95.7345
207.761,95.8609
207.768,95.9866
207.775,96.1131
207.782,96.2388
207.788,96.367
207.795,96.4957
207.802,96.6243
207.809,96.7527
207.816,96.8808
207.823,97.0089
207.83,97.1366
207.837,97.2642
207.844,97.392
207.85,97.5195
207.857,97.647
207.864,97.7742
207.871,97.9011
207.878,98.0282
207.885,98.1553
207.892,98.2823
207.898,98.4089
207.905,98.5358
207.912,98.6638
207.919,98.7923
207.926,98.9205
207.933,99.0487
207.94,99.1772
207.947,99.3055
207.954,99.4335
207.96,99.5616
207.967,99.6903
207.974,99.8202
207.981,99.9501
207.988,100.08
207.995,100.21
208.002,100.34
208.009,100.469
208.016,100.599
208.023,100.729
208.029,100.857
208.034,100.986
208.04,101.114
208.046,101.242
208.052,101.37
208.057,101.5
208.063,101.628
208.069,101.758
208.075,101.887
208.081,102.017
208.086,102.146
208.092,102.275
208.098,102.405
208.104,102.534
208.11,102.663
208.115,102.792
208.121,102.922
208.127,103.052
208.133,103.182
208.139,103.311
208.145,103.44
208.15,103.571
208.156,103.703
208.162,103.835
208.168,103.967
208.174,104.099
208.18,104.232
208.186,104.364
208.192,104.497
208.197,104.597
208.201,104.698
208.206,104.8
208.21,104.902
208.215,105.003
208.22,105.105
208.224,105.206
208.229,105.308
208.233,105.409
208.238,105.51
208.242,105.611
208.247,105.712
208.252,105.814
208.256,105.916
208.261,106.018
208.265,106.119
208.27,106.221
208.274,106.323
208.279,106.426
208.284,106.528
208.288,106.631
208.293,106.733
208.298,106.836
208.302,106.938
208.307,107.042
208.311,107.145
208.316,107.248
208.321,107.351
208.325,107.453
208.33,107.556
208.335,107.66
208.339,107.763
208.344,107.866
208.349,107.97
208.353,108.072
208.358,108.176
208.363,108.28
208.367,108.384
208.372,108.489
208.377,108.593
208.381,108.698
208.386,108.802
208.391,108.907
208.396,109.011
208.4,109.116
208.405,109.22
208.41,109.324
208.414,109.429
208.419,109.533
208.424,109.637
208.428,109.741
208.433,109.846
208.438,109.952
208.443,110.058
208.447,110.163
208.452,110.269
208.457,110.374
208.462,110.48
208.466,110.585
208.471,110.69
208.476,110.795
208.481,110.9
208.485,111.005
208.49,111.111
208.495,111.216
208.5,111.32
208.504,111.425
208.509,111.53
208.513,111.634
208.516,111.739
208.52,111.843
208.523,111.947
208.526,112.051
208.529,112.155
208.533,112.26
208.536,112.364
208.539,112.468
208.542,112.572
208.545,112.675
208.548,112.779
208.552,112.883
208.555,112.987
208.558,113.092
208.561,113.197
208.565,113.302
208.568,113.407
208.571,113.512
208.574,113.617
208.577,113.722
208.581,113.827
208.584,113.932
208.587,114.036
208.59,114.141
208.592,114.245
208.594,114.349
208.595,114.453
208.595,114.558
208.596,114.662
208.596,114.765
208.597,114.869
208.597,114.973
208.598,115.077
208.598,115.182
208.599,115.286
208.599,115.39
208.6,115.494
208.601,115.598
208.601,115.701
208.602,115.805
208.602,115.909
208.603,116.013
208.603,116.118
208.604,116.221
208.604,116.326
208.605,116.43
208.605,116.535
208.606,116.64
208.606,116.746
208.607,116.851
208.607,116.956
208.608,117.061
208.608,117.167
208.609,117.273
208.61,117.379
208.61,117.485
208.611,117.591
208.611,117.698
208.612,117.805
208.612,117.914
208.613,118.02
208.613,118.126
208.614,118.233
208.614,118.34
208.615,118.455
208.616,118.56
208.616,118.667
208.617,118.773
208.617,118.879
208.618,118.985
208.619,119.091
208.619,119.197
208.62,119.302
208.621,119.408
208.621,119.513
208.622,119.618
208.624,119.723
208.627,119.828
208.63,119.932
208.634,120.037
208.637,120.141
208.64,120.246
208.643,120.35
208.646,120.454
208.649,120.558
208.653,120.661
208.656,120.765
208.659,120.868
208.662,120.972
208.665,121.075
208.668,121.178
208.672,121.281
208.675,121.384
208.678,121.486
208.681,121.589
208.684,121.691
208.687,121.794
208.69,121.895
208.693,121.997
208.696,122.099
208.698,122.201
208.7,122.302
208.701,122.404
208.703,122.505
208.705,122.606
208.707,122.738
208.709,122.866
208.711,122.988
208.713,123.103
208.715,123.208
208.717,123.323
208.719,123.434
208.721,123.534
